COUNTRYID,NAME,ABBREV,HASCITIES,LATITUDE,LONGITUDE,FOOTBALL
0,Unknown,ZZ,0,0,0,0
1,United States,US,1,39066,-89797,9999
2,Canada,CA,1,56130,-106347,100
3,United Kingdom,UK,1,52888,-1886,19
4,Afghanistan,AF,0,33939,67710,0
5,Albania,AL,0,41153,20168,0
6,Algeria,AA,0,28034,1660,0
7,Andorra,AD,0,42546,1602,0
8,Angola,AO,0,-11203,17874,0
9,Antigua and Barbuda,AG,0,17061,-61796,0
10,Argentina,AR,0,-38416,-63617,1
11,Armenia,AM,0,40069,45038,0
12,Australia,AU,0,-25274,133775,90
13,Austria,AT,0,47516,14550,1
14,Azerbaijan,AZ,0,40143,47577,0
15,Bahamas,BS,0,25034,-77396,2
16,Bahrain,BH,0,25930,50638,0
17,Bangladesh,BD,0,23685,90356,0
18,Barbados,BB,0,13194,-59543,0
19,Belarus,BY,0,53710,27953,1
20,Belgium,BE,0,50504,4470,1
21,Belize,BZ,0,17190,-88498,1
22,Benin,BJ,0,9308,2316,0
23,Bhutan,BT,0,27514,90434,0
24,Bolivia,BO,0,-16290,-63589,0
25,Bosnia and Herzegovina,BA,0,43916,17679,0
26,Botswana,BW,0,-22328,24685,0
27,Brazil,BR,0,-14235,-51925,1
28,Brunei,BN,0,4535,114728,0
29,Bulgaria,BG,0,42734,25486,1
30,Burkina Faso,BF,0,12238,-1562,0
31,Burundi,BI,0,-3373,29919,0
32,Cambodia,CB,0,12566,104991,0
33,Cameroon,CM,0,7370,12355,2
34,Central African Republic,CF,0,6611,20939,0
35,Chad,CD,0,15454,18732,0
36,Chile,CL,0,-35675,-71543,0
37,China,CN,0,35862,104195,1
38,Colombia,CO,0,4571,-74297,1
39,Comoros,KM,0,-11875,43872,1
40,Congo,CG,0,-228,15828,1
41,Costa Rica,CR,0,9749,-83753,0
42,Côte d’Ivoire,CI,0,7540,-5547,1
43,Croatia,CT,0,45100,15200,0
44,Cuba,CU,0,21522,-77781,0
45,Cyprus,CY,0,35126,33430,0
46,Czechia,CZ,0,49817,15473,1
47,Democratic Republic of the Congo,DC,0,-4038,21759,1
48,Denmark,DK,0,56264,9502,4
49,Djibouti,DJ,0,11825,42590,1
50,Dominica,DM,0,15415,-61371,0
51,Dominican Republic,DO,0,18736,-70163,1
52,Ecuador,EC,0,-1831,-78183,0
53,Egypt,EG,0,26821,30802,1
54,El Salvador,EV,0,13794,-88897,0
55,Equatorial Guinea,EQ,0,1651,10268,1
56,Eritrea,ER,0,15179,39782,0
57,Estonia,EE,0,58595,25014,1
58,Eswatini,EW,0,-26523,31466,0
59,Ethiopia,ET,0,9145,40490,1
60,Fiji,FJ,0,-16578,179414,1
61,Finland,FI,0,61924,25748,1
62,France,FR,0,46228,2214,1
63,Gabon,GA,0,-804,11609,0
64,Gambia,GM,0,13443,-15310,1
65,Georgia,GE,0,42315,43357,0
66,Germany,DE,0,51166,10452,16
67,Ghana,GH,0,7947,-1023,2
68,Greece,GR,0,39074,21824,1
69,Grenada,GD,0,12263,-61604,0
70,Guatemala,GT,0,15783,-90231,0
71,Guinea,GN,0,9946,-9697,1
72,Guinea-Bissau,GB,0,11804,-15180,0
73,Guyana,GY,0,4860,-58930,0
74,Haiti,HT,0,18971,-72285,6
75,Honduras,HN,0,15200,-86242,0
76,Hungary,HU,0,47162,19503,1
77,Iceland,IS,0,64963,-19021,1
78,India,IN,0,20594,78963,1
79,Indonesia,ID,0,-789,113921,1
80,Iran,IR,0,32428,53688,0
81,Iraq,IQ,0,33223,43679,0
82,Ireland,IE,0,53413,-8244,1
83,Israel,IL,0,31046,34852,1
84,Italy,IT,0,41872,12567,1
85,Jamaica,JM,0,18110,-77298,8
86,Japan,JP,0,36205,138253,3
87,Jordan,JO,0,30585,36238,0
88,Kazakhstan,KZ,0,48020,66924,0
89,Kenya,KE,0,-24,37906,2
90,Kiribati,KI,0,-3370,-168734,0
91,Kosovo,KO,0,42603,20903,0
92,Kuwait,KW,0,29312,47482,0
93,Kyrgyzstan,KG,0,41204,74766,0
94,Laos,LA,0,19856,102495,0
95,Latvia,LV,0,56880,24603,1
96,Lebanon,LB,0,33855,35862,0
97,Lesotho,LS,0,-29610,28234,0
98,Liberia,LR,0,6428,-9429,2
99,Libya,LY,0,26335,17228,0
100,Liechtenstein,LI,0,47166,9555,0
101,Lithuania,LT,0,55169,23881,0
102,Luxembourg,LU,0,49815,6130,0
103,Madagascar,MG,0,-18767,46869,0
104,Malawi,MW,0,-13254,34302,1
105,Malaysia,MY,0,4210,101976,0
106,Maldives,MV,0,3203,73221,0
107,Mali,ML,0,17571,-3996,0
108,Malta,MT,0,35937,14375,0
109,Marshall Islands,MH,0,7131,171184,0
110,Mauritania,MR,0,21008,-10941,0
111,Mauritius,MU,0,-20348,57552,0
112,Mexico,MX,0,23635,-102553,2
113,Micronesia,MI,0,7426,150551,1
114,Moldova,MD,0,47412,28370,1
115,Monaco,MC,0,43750,7413,0
116,Mongolia,MN,0,46862,103847,0
117,Montenegro,ME,0,42709,19374,0
118,Morocco,MA,0,31792,-7093,1
119,Mozambique,MZ,0,-18666,35530,0
120,Myanmar,MM,0,21914,95956,0
121,Namibia,NA,0,-22958,18490,0
122,Nauru,NR,0,-523,166932,0
123,Nepal,NP,0,28395,84124,0
124,Netherlands,NL,0,52133,5291,1
125,New Zealand,NZ,0,-40901,174886,4
126,Nicaragua,NI,0,12865,-85207,0
127,Niger,NE,0,17608,8082,0
128,Nigeria,NG,0,9082,8675,10
129,North Korea,NK,0,40340,127510,0
130,North Macedonia,NM,0,17571,-3996,0
131,Norway,NO,0,60472,8469,1
132,Oman,OM,0,21513,55923,0
133,Pakistan,PK,0,30375,69345,0
134,Palau,PW,0,7515,134583,0
135,Panama,PA,0,8538,-80782,1
136,Papua New Guinea,PG,0,-6315,143956,0
137,Paraguay,PY,0,-23443,-58444,0
138,Peru,PE,0,-9190,-75015,1
139,Philippines,PH,0,12880,121774,1
140,Poland,PL,0,51919,19145,1
141,Portugal,PT,0,39400,-8224,1
142,Qatar,QA,0,25355,51184,0
143,Romania,RO,0,45943,24967,0
144,Russia,RU,0,61524,105319,1
145,Rwanda,RW,0,-1940,29874,0
146,Saint Kitts and Nevis,KN,0,17358,-62783,0
147,Saint Lucia,LC,0,13909,-60979,0
148,Saint Vincent and the Grenadines,VC,0,12984,-61287,0
149,Samoa,WS,0,-13759,-172105,1
150,San Marino,SM,0,43942,12458,0
151,São Tomé and Príncipe,ST,0,186,6613,0
152,Saudi Arabia,SA,0,23886,45079,0
153,Senegal,SN,0,14497,-14452,1
154,Serbia,SB,0,44017,21006,0
155,Seychelles,SC,0,-4680,55492,0
156,Sierra Leone,SL,0,8461,-11780,0
157,Singapore,SG,0,1352,103820,0
158,Slovakia,SK,0,48669,19699,1
159,Slovenia,SV,0,13794,-88897,0
160,Solomon Islands,SI,0,-9646,160156,1
161,Somalia,SO,0,5152,46200,0
162,South Africa,ZA,0,-30559,22938,1
163,South Korea,KR,0,35908,127767,1
164,South Sudan,SS,0,7071,30406,0
165,Spain,ES,0,40464,-3749,1
166,Sri Lanka,LK,0,7873,80772,0
167,Sudan,SD,0,15786,30200,0
168,Suriname,SR,0,3919,-56028,0
169,Sweden,SE,0,60128,18644,1
170,Switzerland,CH,0,46818,8228,1
171,Syria,SY,0,34802,38997,0
172,Taiwan,TW,0,23698,120961,1
173,Tajikistan,TJ,0,38861,71276,0
174,Tanzania,TZ,0,-6369,34889,1
175,Thailand,TH,0,15870,100993,1
176,Timor-Leste,TL,0,-8874,125728,0
177,Togo,TG,0,8620,825,0
178,Tonga,TO,0,-21179,-175198,1
179,Trinidad and Tobago,TT,0,10692,-61223,1
180,Tunisia,TN,0,33887,9537,0
181,Turkey,TR,0,38964,35243,1
182,Turkmenistan,TM,0,38970,59556,0
183,Tuvalu,TV,0,-7110,177649,0
184,Uganda,UG,0,1373,32290,0
185,Ukraine,UA,0,48379,31166,1
186,United Arab Emirates,AE,0,23424,53848,0
187,Uruguay,UY,0,-32523,-55766,0
188,Uzbekistan,UZ,0,41377,64585,0
189,Vanuatu,VU,0,-15377,166959,0
190,Vatican City,VA,0,41903,12453,0
191,Venezuela,VE,0,6424,-66590,0
192,Vietnam,VN,0,14058,108277,0
193,Yemen,YE,0,15553,48516,0
194,Zambia,ZM,0,-13134,27849,0
195,Zimbabwe,ZW,0,-19015,29155,1
201,American Samoa,AS,0,-14271,-170132,40
202,Guam,GU,0,13444,144794,1
203,Northern Mariana Islands,MP,0,17331,145385,1
204,Puerto Rico,PR,0,18221,-66590,1
205,United States Virgin Islands,VI,0,18336,-64896,1
206,Anguilla,AI,0,18221,-63069,0
207,Bermuda,BM,0,32321,-64757,0
208,British Virgin Islands,VG,0,18421,-64640,0
209,Cayman Islands,KY,0,19513,-80567,0
210,Falkland Islands,FK,0,-51796,-59524,0
211,Gibraltar,GI,0,36138,-5345,0
212,Montserrat,MS,0,16742,-62187,0
213,Saint Helena,SH,0,-24143,-10031,0
214,Turks and Caicos Islands,TC,0,21694,-71798,0
